,x1,y1,z1,x2,y2,z2,x,y,z,l,x1_gp1,y1_gp1,x2_gp1,y2_gp1,x1_gp2,y1_gp2,x2_gp2,y2_gp2,particle,seen_gp1,seen_gp2,frame,color
0,30.6934958642493,23.7470246454102,-1.20053394957181,38.838283423258,19.122088051726,-1.08505974899836,34.7658896437536,21.4345563485681,-1.14279684928509,9.36701324692025,949.140271493213,304.072398190045,1012.12669683258,347.511312217195,963.87465729952,432.402765085168,1049.16369886486,435.561618476477,0,1,1,100,blue
1,7.5033365995606,4.37347001474608,43.1558969732796,12.2108893096216,6.96671737173827,36.3188579087513,9.8571129545911,5.67009369324218,39.7373774410155,8.69661356750059,734.117647058824,477.828054298643,773.212669683258,451.764705882353,725.429864253394,862.262443438914,777.556561085973,799.276018099547,1,1,1,100,blue
2,32.8881625470831,25.1023926491106,0.36962926867163,40.3673686665465,18.8444760272515,-0.369807104782886,36.6277656068148,21.9734343381811,-8.89180556278291e-05,9.77991875088678,966.515837104072,291.0407239819,1027.33031674208,349.683257918552,990.808900991143,448.514929610067,1063.98119849927,442.798343867244,0,1,1,101,blue
3,6.86418195844121,-0.25337132954764,43.7173238752978,11.09727852059,-3.90663642453777,35.2044023911591,8.98073023951562,-2.08000387704271,39.4608631332285,10.1850520152751,725.429864253394,527.782805429864,775.384615384615,564.705882352941,718.810587460621,862.833132754023,754.262862459888,779.348743239618,1,1,1,101,blue
