{
  "rotation": [
    [
      1.0425226613259928,
      -0.0004143987226463844,
      -0.006185995129884015
    ],
    [
      -0.010958551087494509,
      -0.9981086439453789,
      -0.009663203036154984
    ],
    [
      -0.0001673295899603522,
      0.0055522462000225925,
      -1.0051994470916754
    ]
  ],
  "translation": [
    4.032122379281649,
    -1.8661071654922172,
    283.13110014701454
  ]
}