{
  "CM1": [
    [
      2549.6140880497223,
      0.0,
      521.8699572648427
    ],
    [
      0.0,
      2595.8029277889564,
      607.4559046474061
    ],
    [
      0.0,
      0.0,
      1.0
    ]
  ],
  "dist1": [
    [
      -0.11152108179955533,
      -0.014456136188386998,
      -6.818555970772995e-05,
      -0.01334837198392312,
      2.8102399253386046
    ]
  ],
  "CM2": [
    [
      3444.044756412926,
      0.0,
      747.9661211460308
    ],
    [
      0.0,
      3397.330480722191,
      457.801965543165
    ],
    [
      0.0,
      0.0,
      1.0
    ]
  ],
  "dist2": [
    [
      -0.20851297583881034,
      -0.7387905432359089,
      -0.01092084430254885,
      0.0033769676973422996,
      73.41421455551252
    ]
  ],
  "R": [
    [
      0.9976529760933133,
      -0.036021810206439596,
      -0.058232022819114326
    ],
    [
      -0.0564258226328738,
      0.04927582878287988,
      -0.9971900617424763
    ],
    [
      0.0387900223299507,
      0.9981354226192012,
      0.047127616961081066
    ]
  ],
  "T": [
    [
      -9.00719302143674
    ],
    [
      277.77120091622356
    ],
    [
      358.2488069606141
    ]
  ],
  "E": [
    [
      30.989234726155793,
      259.6002681444956,
      370.3328446918225
    ],
    [
      357.7573776645673,
      -3.914372117954178,
      -20.43706515924217
    ],
    [
      -276.6110269912365,
      9.561984579080338,
      25.15706227541922
    ]
  ],
  "F": [
    [
      1.3480520898957338e-07,
      1.109184243200326e-06,
      0.0033632261825540847
    ],
    [
      1.577667256171108e-06,
      -1.6954760330002446e-08,
      -0.001042821878545499
    ],
    [
      -0.004967225842794765,
      -0.0006811634181542791,
      1.0
    ]
  ]
}