{
  "CM1": [
    [
      2622.2835975547787,
      0.0,
      615.9374622472899
    ],
    [
      0.0,
      2600.4197279570976,
      495.5819989427574
    ],
    [
      0.0,
      0.0,
      1.0
    ]
  ],
  "dist1": [
    [
      -0.1710558772202619,
      2.537754931750336,
      -2.9917835923422437e-05,
      -0.005247976798910031,
      -29.50926417378102
    ]
  ],
  "CM2": [
    [
      3427.3101224779048,
      0.0,
      789.9559567288469
    ],
    [
      0.0,
      3320.6379574170346,
      454.75464246801135
    ],
    [
      0.0,
      0.0,
      1.0
    ]
  ],
  "dist2": [
    [
      -0.20624167372077415,
      -2.309175516392518,
      -0.010287952338337914,
      0.0004484558997424196,
      87.26660909364226
    ]
  ],
  "R": [
    [
      0.9987720483117524,
      -0.047998347897075314,
      -0.012270049319299463
    ],
    [
      -0.010444748588227127,
      0.038096092822211804,
      -0.999219492873618
    ],
    [
      0.04842832578228823,
      0.9981206571907191,
      0.037547981984279916
    ]
  ],
  "T": [
    [
      -15.12886844848463
    ],
    [
      282.9872041312538
    ],
    [
      345.2665883517575
    ]
  ],
  "E": [
    [
      17.310819225136274,
      269.30206616579426,
      355.6227037615494
    ],
    [
      345.575283431636,
      -1.471789706590533,
      -3.668379587436088
    ],
    [
      -282.4816922888196,
      13.006567497604086,
      18.58932721026764
    ]
  ],
  "F": [
    [
      7.753744567680585e-08,
      1.2163813718406668e-06,
      0.0035264109468691692
    ],
    [
      1.597601344695243e-06,
      -6.861320592766893e-09,
      -0.0010250934551951257
    ],
    [
      -0.005124250102061456,
      -0.0007564200225404161,
      0.9999999999999999
    ]
  ]
}