{
  "CM1": [
    [
      2645.1811609087035,
      0.0,
      464.4262146095319
    ],
    [
      0.0,
      2503.914638458019,
      472.08305811245805
    ],
    [
      0.0,
      0.0,
      1.0
    ]
  ],
  "dist1": [
    [
      -0.06455530262926522,
      -0.6723574145808352,
      0.015175039430692455,
      -0.017879613308554684,
      4.923256817043087
    ]
  ],
  "CM2": [
    [
      3451.1994058925725,
      0.0,
      762.2923703158524
    ],
    [
      0.0,
      3412.8291784271014,
      401.9624965626326
    ],
    [
      0.0,
      0.0,
      1.0
    ]
  ],
  "dist2": [
    [
      -0.22478093672473115,
      2.183987907867294,
      -0.008323823106916105,
      0.004447825503327039,
      -41.26473207547921
    ]
  ],
  "R": [
    [
      0.99631055880794,
      -0.03814091762314138,
      -0.07688004169272346
    ],
    [
      -0.07476174066886354,
      0.054162531336969744,
      -0.9957294322913898
    ],
    [
      0.042142051919332915,
      0.9978034328473903,
      0.051111220470575106
    ]
  ],
  "T": [
    [
      -9.634507573761493
    ],
    [
      288.3516436221737
    ],
    [
      338.22745582914695
    ]
  ],
  "E": [
    [
      37.438203276338804,
      269.39900469802245,
      351.5210370083432
    ],
    [
      337.3856034397159,
      -3.2869607997707853,
      -25.510509465040652
    ],
    [
      -286.5674946336941,
      10.476166967510618,
      31.761849140666676
    ]
  ],
  "F": [
    [
      1.6379963175627107e-07,
      1.2451733347613115e-06,
      0.0034043241157534826
    ],
    [
      1.4927255683683724e-06,
      -1.536327666232226e-08,
      -0.0009845656372233194
    ],
    [
      -0.0050519626889441805,
      -0.0007758991902684472,
      1.0
    ]
  ]
}