{
  "rotation": [
    [
      0.9999776607629649,
      0.0024563010418129807,
      -0.006216474903132314
    ],
    [
      0.0024281866711458665,
      -0.9999868092031885,
      -0.004526072151051191
    ],
    [
      -0.006227510298614929,
      0.004510876280551272,
      -0.9999704346182756
    ]
  ],
  "translation": [
    2.059443687020824,
    2.4513570749038465,
    285.95295049170505
  ]
}