{"CM1": [[2648.54854625081, 0.0, 656.5777595185003], [0.0, 2615.651360944427, 510.2647140576802], [0.0, 0.0, 1.0]], "dist1": [-0.08920492276053549, 0.4764023445822058, 0.0, 0.0], "CM2": [[3405.13468452811, 0.0, 610.5458932019926], [0.0, 3375.15418710081, 502.0356864161702], [0.0, 0.0, 1.0]], "dist2": [-0.06290361599726989, -3.6767279746989248, 0.0, 0.0], "R": [[0.9999819496602399, 0.004522781298069746, -0.003955351189898823], [-0.003968043533193659, 0.0028007925188462553, -0.9999882050263319], [-0.004511649833961351, 0.9999858499051857, 0.002818688556671547]], "T": [[5.960388823580772], [280.28772002261724], [353.28153668562396]], "E": [[0.13727647154066225, 279.294285639808, 354.0674135282046], [353.302051021102, -4.362489356438705, -1.414153026269107], [-280.30631181636693, -1.2509862457704024, -4.851682154046058]], "F": [[1.5221374656873072e-08, 3.135796702944587e-05, 0.08796958506759346], [3.952251777670494e-05, -4.941523969543031e-07, -0.026116446803358038], [-0.1256849416043846, -0.01937566534247468, 24.28248851052159]]}