{
  "transformations": {
    "M_rotate_x": [
      [
        1,
        0,
        0,
        0
      ],
      [
        0,
        0.99998982555124882,
        0.004510963753237042,
        0
      ],
      [
        0,
        -0.004510963753237042,
        0.99998982555124882,
        0
      ],
      [
        0,
        0,
        0,
        1
      ]
    ],
    "M_rotate_y": [
      [
        -0.99998060886973239,
        0,
        0.0062275102986149265,
        0
      ],
      [
        0,
        1,
        0,
        0
      ],
      [
        -0.0062275102986149265,
        0,
        -0.99998060886973239,
        0
      ],
      [
        0,
        0,
        0,
        1
      ]
    ],
    "M_rotate_z": [
      [
        -0.999997051836064,
        0.0024282337573429745,
        0,
        0
      ],
      [
        -0.0024282337573429745,
        -0.999997051836064,
        0,
        0
      ],
      [
        0,
        0,
        1,
        0
      ],
      [
        0,
        0,
        0,
        1
      ]
    ],
    "M_trans2": [
      [
        1,
        0,
        0,
        -56.202401132642656
      ],
      [
        0,
        1,
        0,
        -40
      ],
      [
        0,
        0,
        1,
        40
      ],
      [
        0,
        0,
        0,
        1
      ]
    ],
    "M_trans": [
      [
        1,
        0,
        0,
        56.831948581761424
      ],
      [
        0,
        1,
        0,
        -41.19822514704515
      ],
      [
        0,
        0,
        1,
        -246.5
      ],
      [
        0,
        0,
        0,
        1
      ]
    ]
  }
}